customer_id,age,income,spend_score,satisfaction,purchase_freq,gender
1,45,66366.81,34.15,2.82,3,M
2,38,63811.77,38.27,1.98,2,M
3,47,78845.77,46.31,3.37,4,F
4,58,87207.03,49.3,3.79,7,F
5,37,33934.96,29.06,2.41,5,F
6,37,40532.62,36.63,3.59,10,M
7,58,597954.85,41.04,2.18,4,M
8,49,71906.79,43.26,1.98,2,M
9,34,,40.58,1.56,3,M
10,46,119590.97,62.44,4.4,5,F
11,34,60763.36,43.81,3.15,8,F
12,34,69233.48,37.45,2.46,4,M
13,42,72910.03,36.63,2.63,3,M
14,18,49170.87,42.78,2.04,8,F
15,19,35470.96,33.49,3.81,6,M
16,33,,37.19,2.57,8,M
17,27,35007.62,39.42,2.64,3,M
18,43,55847.72,39.19,3.0,3,M
19,29,40919.55,39.54,2.87,5,M
20,23,44628.11,35.21,2.54,11,M
21,57,105319.88,65.41,3.14,7,F
22,37,26591.02,37.64,2.79,4,M
23,40,67293.9,41.19,3.78,3,M
24,22,18409.26,30.99,3.05,8,F
25,33,44321.02,38.0,3.48,8,F
26,41,74134.26,51.55,2.76,3,F
27,26,46764.2,30.76,1.64,3,M
28,44,44033.83,38.11,2.45,6,F
29,32,39870.44,38.58,2.58,2,M
30,36,63993.97,32.54,2.96,7,M
31,32,39644.5,27.3,1.08,5,M
32,62,77846.88,35.75,3.35,5,F
33,39,56883.58,37.61,2.41,6,F
34,27,36825.99,35.86,2.18,1,F
35,49,96359.16,59.63,2.78,10,F
36,25,54508.79,38.54,1.55,2,F
37,42,28222.86,37.55,3.0,5,M
38,18,42196.81,27.17,2.13,4,M
39,24,34273.2,22.91,1.14,5,M
40,42,71386.5,43.52,1.96,4,M
41,48,51512.19,39.09,2.36,5,F
42,42,56878.95,38.8,3.55,6,F
43,38,597954.85,30.65,2.07,1,M
44,36,66786.33,41.82,1.77,3,F
45,22,24595.55,21.68,1.72,2,F
46,31,44782.48,38.28,2.37,5,M
47,34,45075.82,36.86,1.0,4,M
48,52,56800.06,34.23,2.34,7,F
49,44,86681.81,46.32,2.71,7,F
50,18,45474.73,29.86,2.61,2,M
51,43,40486.74,33.18,3.44,6,M
52,35,66767.93,47.03,3.56,7,M
53,31,81632.34,42.28,2.53,2,F
54,47,78086.98,48.55,2.28,7,M
55,52,43809.45,31.95,3.82,5,M
56,51,58536.49,35.55,2.46,7,F
57,29,67203.67,41.87,2.68,6,F
58,36,,29.22,2.15,5,F
59,43,66057.29,39.25,2.69,6,F
60,51,77419.51,39.82,2.51,5,F
61,34,38296.04,42.59,2.36,4,M
62,37,53707.12,38.08,2.2,7,M
63,26,15000.0,21.5,1.84,1,F
64,25,29634.19,30.95,1.91,8,F
65,49,60411.48,39.58,2.16,4,F
66,56,51083.25,35.92,2.5,5,F
67,39,80686.17,49.97,2.85,3,F
68,52,45147.88,38.84,3.46,7,M
69,44,53599.33,35.21,1.0,2,M
70,32,52561.11,34.64,3.04,5,M
71,44,81819.1,45.9,3.58,10,M
72,58,49862.07,25.11,1.0,7,F
73,39,73647.46,36.97,2.27,7,M
74,58,71553.5,50.69,2.8,10,F
75,18,24677.37,36.45,1.61,1,F
76,49,71131.55,42.47,2.23,5,F
77,41,60785.9,43.14,2.06,3,M
78,36,44796.75,36.49,3.51,8,F
79,41,58847.03,55.01,3.76,7,M
80,18,33620.3,36.8,3.23,3,M
81,37,56302.76,38.13,2.96,1,F
82,44,70131.96,38.6,1.87,5,F
83,57,,43.43,2.42,3,F
84,33,32832.77,31.96,2.57,6,M
85,30,80995.5,43.22,2.0,3,F
86,33,22118.68,20.26,2.24,4,M
87,50,62723.22,37.67,2.36,5,F
88,43,68224.76,37.33,2.27,8,F
89,33,55614.88,46.97,3.31,7,M
90,46,597954.85,41.89,2.94,5,M
91,41,54678.17,38.19,2.31,4,M
92,51,58404.99,46.87,3.57,6,M
93,31,40959.53,34.04,1.71,8,M
94,36,66544.03,37.87,2.88,4,M
95,35,58355.23,47.07,3.24,3,F
96,22,32206.36,33.43,2.15,2,F
97,43,72894.0,39.11,2.76,3,M
98,43,64009.49,40.38,1.86,9,F
99,40,69192.93,38.69,3.1,5,M
100,37,64044.43,34.43,2.27,4,F
101,23,30965.07,34.95,2.08,7,F
102,34,43797.28,44.15,3.4,8,M
103,35,64209.4,34.41,1.95,4,M
104,30,58155.55,42.2,1.84,4,M
105,38,55086.48,35.11,1.47,8,F
106,44,61959.91,38.22,2.89,5,M
107,62,93764.97,48.29,2.16,5,F
108,42,49726.43,32.26,3.34,6,M
109,43,67606.46,42.78,1.46,7,F
110,39,53167.11,33.57,3.36,2,F
111,18,36134.78,33.4,2.46,1,M
112,39,72681.65,43.98,2.7,7,F
113,40,69381.25,41.93,2.35,5,F
114,69,92402.64,46.26,3.09,4,M
115,37,74182.18,41.84,2.65,4,F
116,43,59715.06,43.68,3.41,3,M
117,39,66429.29,44.65,2.85,8,M
118,25,40346.0,28.56,2.23,7,M
119,53,72262.5,44.58,2.57,1,M
120,49,,44.51,2.75,2,F
121,49,65654.94,33.54,2.53,4,F
122,29,597954.85,41.76,1.64,6,F
123,56,57526.69,35.86,1.63,4,M
124,23,74785.81,47.78,3.36,6,F
125,47,47509.74,32.02,2.38,8,F
126,66,59587.17,30.84,2.12,7,M
127,28,64771.66,33.45,2.35,5,M
128,33,,41.33,2.86,2,F
129,41,67161.8,43.69,2.42,1,M
130,33,60825.18,35.75,1.96,7,M
131,21,41616.3,37.07,2.6,4,M
132,40,43541.18,26.21,1.46,1,M
133,27,47737.07,35.58,2.67,6,F
134,45,,30.89,1.21,5,M
135,28,62026.8,37.42,3.11,8,M
136,58,69194.14,43.3,3.02,5,M
137,30,36617.54,27.9,2.27,4,M
138,36,48979.21,34.4,2.97,10,M
139,49,70393.97,48.5,3.94,7,M
140,25,36544.13,29.3,2.78,4,M
141,42,46266.69,39.6,1.48,8,M
142,55,72655.31,38.57,1.78,5,F
143,20,44674.5,37.54,2.13,5,M
144,42,597954.85,44.21,2.78,5,F
145,43,52334.43,25.09,2.31,2,M
146,49,67680.75,38.58,2.11,3,M
147,25,23278.73,30.64,2.34,4,M
148,24,23088.04,26.68,1.61,9,M
149,46,51023.34,38.86,2.19,0,F
150,43,56198.29,35.71,1.58,5,M
151,43,64063.61,41.79,2.12,5,M
152,44,82330.34,46.67,2.06,5,F
153,31,62664.89,46.73,2.28,5,F
154,42,56200.92,40.01,3.23,4,M
155,43,59114.76,41.39,2.09,9,F
156,31,34762.06,29.53,3.76,6,F
157,62,74322.3,42.34,2.99,2,F
158,45,56670.12,36.73,2.58,6,M
159,25,49840.78,38.59,2.03,6,M
160,47,50191.54,34.63,2.81,6,M
161,28,55190.2,39.85,2.25,5,F
162,49,87191.08,59.44,3.45,2,M
163,53,65768.6,46.28,4.39,5,F
164,30,55025.68,36.71,2.41,3,M
165,51,76152.16,51.39,3.75,3,M
166,44,54181.69,36.02,2.02,3,F
167,49,67561.39,32.33,2.27,6,M
168,62,74788.89,39.89,3.66,6,F
169,37,56065.14,29.33,1.8,4,F
170,30,37404.85,30.71,3.32,5,M
171,29,48567.65,36.28,2.88,5,F
172,30,56469.97,47.21,2.55,7,M
173,39,77967.15,47.62,3.28,5,M
174,44,74589.06,43.77,3.33,3,F
175,43,91697.74,54.71,3.56,4,M
176,49,52689.79,26.51,1.12,7,F
177,40,,44.54,2.35,5,M
178,57,73350.13,48.3,2.78,7,M
179,36,86647.04,41.49,2.61,8,M
180,72,,49.21,3.34,7,M
181,47,50004.17,38.36,2.64,5,M
182,29,39209.11,30.99,1.44,8,F
183,27,15000.0,28.16,2.35,4,F
184,45,53113.67,49.06,3.33,6,F
185,37,43213.01,35.31,2.75,8,F
186,48,65655.91,43.13,3.37,6,F
187,45,66126.34,39.75,3.09,3,F
188,39,84342.56,43.86,3.03,8,M
189,29,62456.36,44.97,2.76,4,M
190,21,,26.77,1.07,7,F
191,34,38723.78,33.27,2.59,2,F
192,50,72378.79,41.74,2.79,10,M
193,42,38796.5,35.33,2.58,6,M
194,25,72471.88,45.83,2.07,4,M
195,42,76291.6,50.62,2.38,5,F
196,44,53162.37,35.17,3.04,6,F
197,29,22502.98,26.15,2.02,4,F
198,41,78108.09,41.14,3.05,5,M
199,40,55281.9,36.21,2.47,6,M
200,26,64367.24,43.34,2.75,3,F
