customer_id,age,gender,income,products_viewed,products_purchased,average_order_value,number_of_orders,customer_rating
1,56,F,64590.06,86,13,358.8,1,2.94
2,69,M,72448.85,198,30,484.95,10,4.16
3,46,F,,58,14,350.25,5,4.28
4,32,M,61324.82,167,33,421.74,10,4.49
5,60,M,82336.15,193,41,436.1,10,4.89
6,25,F,56858.42,173,183,422.47,2,4.37
7,38,F,67146.88,165,44,224.52,19,4.79
8,56,M,60462.8,72,7,126.84,1,4.05
9,75,F,,37,4,210.39,1,3.35
10,36,F,54573.69,146,5,448.11,2,
11,40,F,69297.61,25,4,90.37,2,3.3
12,28,M,60843.65,52,1,266.4,1,2.61
13,28,M,37720.14,152,22,131.95,5,3.27
14,41,M,42402.08,132,22,299.03,2,3.25
15,70,M,76117.41,140,13,434.31,5,4.22
16,53,M,67084.31,139,25,442.57,11,4.42
17,57,M,86720.59,199,3,133.61,1,2.19
18,41,M,72429.22,149,3,455.69,1,2.64
19,20,M,20000.0,132,32,304.11,13,3.29
20,39,M,,37,4,188.1,2,3.57
21,70,F,83696.44,180,8,359.93,4,3.19
22,19,M,24884.31,191,30,251.2,9,4.47
23,41,F,42794.61,119,27,201.43,5,3.78
24,61,F,71504.61,123,8,358.44,1,4.0
25,47,F,81716.39,26,4,139.39,1,4.89
26,55,M,64928.12,162,5,178.52,2,2.35
27,19,M,36751.62,42,1,228.54,1,3.71
28,38,M,63120.76,113,18,141.77,5,4.0
29,50,M,61545.18,55,9,214.5,1,3.79
30,29,F,64871.28,186,36,294.31,3,3.82
31,75,M,110497.89,12,2,375.67,1,4.67
32,39,M,46071.29,31,9,388.25,1,4.74
33,61,M,77889.94,31,4,414.94,1,4.41
34,42,M,51035.13,25,2,377.22,1,4.32
35,66,M,74393.62,34,8,346.9,4,4.44
36,44,F,42475.48,101,8,134.0,4,4.4
37,59,M,80382.57,32,4,212.11,2,3.9
38,45,F,62107.16,115,3,249.3,1,3.44
39,33,M,32059.15,196,3,59.79,1,3.2
40,32,F,40145.86,65,18,273.62,1,3.63
41,64,M,97330.64,52,13,229.44,6,4.71
42,68,M,74582.48,151,31,405.01,5,4.15
43,61,F,63795.79,8,1,489.39,1,3.54
44,72,F,88578.11,39,2,286.88,1,4.12
45,69,F,105426.02,196,10,174.89,4,2.87
46,74,M,,53,4,40.83,1,3.46
47,20,F,43885.42,21,3,463.83,1,4.24
48,54,M,81464.78,176,38,461.18,13,4.68
49,68,M,,162,32,141.44,7,3.93
50,24,F,50128.65,50,4,353.8,1,4.14
51,38,F,49711.33,121,34,56.21,3,4.97
52,26,M,48292.23,10,2,99.78,1,3.25
53,56,M,78341.19,103,17,124.07,1,2.95
54,35,F,53430.99,128,23,161.36,1,4.18
55,21,F,21611.59,41,5,498.0,1,3.35
56,42,F,72412.1,28,2,354.52,1,2.83
57,31,M,40831.2,97,10,204.42,4,3.73
58,67,M,71460.74,50,11,373.81,1,3.83
59,75,M,73631.01,185,2,459.32,1,
60,26,M,46635.72,99,4,480.18,2,3.14
61,43,M,67102.57,103,2,47.77,1,3.29
62,70,M,67663.51,192,4,209.37,1,2.91
63,19,F,36483.72,120,30,71.24,11,4.69
64,37,M,43059.83,195,41,181.12,19,3.43
65,45,M,67806.91,164,24,101.45,1,4.13
66,64,M,67974.66,165,6,330.49,1,3.02
67,24,F,48637.51,71,10,206.37,1,4.51
68,61,M,73469.41,132,19,130.11,3,3.77
69,25,M,59469.2,22,1,147.65,1,
70,64,F,66500.84,29,3,192.97,1,3.88
71,52,M,62642.65,58,7,144.78,1,3.08
72,31,M,32538.94,62,11,237.56,4,4.59
73,34,M,67987.74,71,13,35.51,6,3.66
74,53,M,85093.57,108,2,154.29,1,2.81
75,67,M,74317.67,178,21,217.38,4,
76,57,F,80399.36,28,5,309.34,1,4.05
77,21,F,50688.89,118,18,150.06,5,3.85
78,19,F,38208.03,36,9,83.93,1,4.0
79,23,M,41186.02,179,35,56.58,3,4.79
80,71,M,77674.09,90,5,471.46,2,2.54
81,59,M,59724.11,155,4,219.99,1,2.81
82,21,F,53888.63,198,38,298.96,4,3.62
83,71,M,104016.72,131,2,461.2,1,2.27
84,46,M,68324.06,159,28,59.72,5,3.86
85,35,F,45561.19,134,37,440.8,16,4.79
86,43,M,53968.38,21,3,284.76,1,3.91
87,61,F,87038.23,108,13,99.12,1,2.93
88,51,F,83884.41,165,32,217.4,7,3.74
89,27,F,59483.46,141,20,393.25,5,2.72
90,53,M,81195.02,47,7,250.58,2,4.58
91,31,M,53681.27,180,50,492.94,7,3.58
92,48,M,48365.6,43,5,200.83,2,3.8
93,65,M,68465.15,174,50,379.8,5,5.0
94,32,M,64942.17,30,8,208.63,3,4.44
95,25,M,46257.16,103,6,418.0,3,4.18
96,31,M,28367.88,54,1,293.16,1,2.62
97,40,F,41058.86,157,6,50.49,1,3.72
98,74,M,97540.07,156,2,37.67,1,
99,57,F,54202.46,17,0,0.0,0,4.31
100,38,M,41432.32,64,13,26.56,3,3.17
50,38,M,41432.32,64,13,26.56,3,3.17
