employee_id,department,years_of_experience,salary,performance_rating,projects_completed,overtime_hours
1,HR,30,-5000.0,5.0,15,25
2,Engineering,29,142441.28,6.5,41,16
3,Engineering,19,134572.81,3.94,29,17
4,HR,6,52394.53,1.18,15,20
5,Engineering,2,,1.82,11,14
6,Marketing,17,94433.78,2.91,16,26
7,Sales,26,120558.09,3.69,15,22
8,Marketing,9,66013.39,2.06,11,21
9,Engineering,6,67153.53,1.0,7,14
10,Finance,16,93038.21,3.26,19,25
11,Sales,13,92145.02,2.6,2,17
12,Sales,30,127745.08,5.0,15,16
13,HR,23,113091.0,4.39,29,25
14,HR,2,40945.47,1.0,44,18
15,Finance,11,74384.83,2.05,22,19
16,Sales,27,121200.39,4.86,27,19
17,Finance,12,91920.18,3.02,50,22
18,HR,1,49944.43,1.74,39,13
19,HR,2,57463.97,1.87,4,20
20,Sales,4,63373.48,1.49,19,24
21,Marketing,10,80244.94,2.51,39,19
22,Engineering,7,103220.06,2.58,43,25
23,HR,25,111519.33,4.18,0,19
24,HR,22,106859.57,4.12,29,20
25,Marketing,22,115068.17,3.77,20,24
26,Marketing,11,91753.51,2.19,19,17
27,Finance,6,69806.47,1.82,5,31
28,Finance,14,98844.5,2.52,21,27
29,Engineering,23,134537.41,4.0,17,14
30,Engineering,16,113331.53,2.62,7,14
31,Sales,3,51983.68,1.31,38,28
32,Finance,28,133959.64,4.96,31,22
33,HR,21,100846.02,3.51,32,9
34,Finance,24,123203.3,4.2,15,21
35,HR,12,73194.29,2.67,11,18
36,Marketing,17,94527.32,3.49,37,18
37,Finance,0,66542.02,1.0,33,17
38,Marketing,15,77584.86,3.54,13,22
39,Engineering,12,110197.14,1.55,35,22
40,Engineering,9,103219.65,3.67,32,26
41,Sales,11,83526.43,2.03,22,21
42,Finance,29,,5.0,49,23
43,Marketing,1,66461.07,1.0,44,15
44,HR,22,101709.04,4.26,1,17
45,Engineering,2,87132.64,1.4,40,17
46,Engineering,9,99288.96,1.87,20,23
47,HR,1,51804.18,1.67,1,22
48,Marketing,29,,4.78,26,32
49,Marketing,26,126671.86,4.74,8,15
50,Finance,22,,3.47,0,19
51,Finance,12,91404.37,2.58,10,23
52,Sales,12,83268.1,3.6,2,13
53,Engineering,17,121009.02,3.75,22,13
54,Finance,2,61762.67,1.42,25,26
55,Marketing,26,114096.34,4.24,3,15
56,HR,6,61397.11,1.83,17,26
57,Marketing,13,70020.33,2.83,5,22
58,Engineering,19,,3.76,34,23
59,Marketing,28,118158.95,4.2,21,21
60,Sales,29,123522.42,5.0,42,18
61,Engineering,16,122936.82,2.59,14,20
62,HR,28,110793.56,5.0,21,24
63,Sales,29,121451.69,4.48,36,20
64,Engineering,20,113718.08,3.81,41,14
65,HR,11,78356.99,2.97,11,22
66,Sales,24,118640.55,4.07,46,16
67,Sales,15,73892.05,3.17,48,22
68,Engineering,23,134248.06,4.78,41,15
69,Finance,11,77661.04,2.75,37,15
70,Sales,14,83578.08,3.04,17,18
71,Sales,24,115189.09,3.36,44,26
72,HR,9,75398.47,1.73,34,23
73,Marketing,29,133474.83,5.0,29,16
74,Engineering,24,150000.0,4.48,23,21
75,Engineering,30,150000.0,5.0,41,22
76,Finance,6,65824.33,2.12,29,23
77,Finance,19,106583.28,4.18,13,25
78,Engineering,4,95066.14,1.4,5,18
79,Finance,0,50181.92,1.06,2,23
80,HR,29,,4.35,15,18
81,Engineering,16,127183.11,2.49,6,24
82,Finance,2,63347.46,1.0,13,23
83,Engineering,12,104313.02,2.16,8,15
84,Marketing,13,79147.03,3.51,14,20
85,Sales,23,108093.65,3.29,20,23
86,Engineering,29,150000.0,4.71,34,30
87,Sales,17,100104.02,2.62,1,15
88,Finance,3,64756.19,1.1,26,21
89,Sales,17,96544.01,3.35,1,24
90,Engineering,29,150000.0,4.52,34,25
91,Marketing,4,64157.35,2.08,17,18
92,Finance,24,118159.55,4.97,13,20
93,Engineering,15,123161.72,1.88,19,29
94,Finance,0,65780.32,1.0,17,22
95,HR,20,98679.43,3.7,9,24
96,Sales,13,,3.3,24,11
97,HR,14,72445.05,2.64,1,14
98,Engineering,8,102585.97,2.06,24,28
99,Marketing,14,96993.61,2.29,32,9
100,Finance,16,103931.24,2.37,35,17
101,Sales,24,,4.92,30,18
102,Finance,23,117101.87,3.15,13,25
103,Engineering,3,90499.82,2.56,0,15
104,Finance,11,81440.8,2.83,45,21
105,Sales,26,104133.83,4.81,15,17
106,Engineering,25,139971.22,4.62,45,13
107,Finance,4,64073.34,1.41,2,23
108,Marketing,28,121885.69,4.93,34,18
109,Engineering,4,77268.76,1.44,40,24
110,Engineering,10,109517.61,2.61,5,14
111,Marketing,27,114423.16,4.58,24,15
112,HR,5,65466.02,1.19,12,33
113,Sales,6,62784.81,1.36,33,19
114,HR,23,102296.89,3.57,7,22
115,Finance,30,133615.72,5.0,20,19
116,Marketing,13,78994.72,2.42,33,24
117,HR,23,122278.24,3.11,3,21
118,Engineering,10,101033.07,2.53,24,25
119,Finance,29,140688.17,5.0,14,14
120,Finance,12,81250.97,2.99,3,16
121,HR,1,50477.05,1.0,44,26
122,HR,24,,3.41,11,23
123,Marketing,6,66806.58,1.73,31,24
124,Sales,19,92931.96,3.45,31,24
125,HR,3,50393.42,1.0,27,18
126,HR,26,106773.68,4.74,12,21
127,Engineering,7,116716.21,2.86,30,24
128,Finance,19,107319.18,3.64,13,14
129,Sales,28,124199.11,4.81,19,15
130,Engineering,30,150000.0,4.53,17,30
131,Marketing,21,97489.45,4.5,28,23
132,Marketing,20,102301.28,3.63,5,21
133,HR,18,87846.51,3.11,31,18
134,HR,12,74310.89,2.63,28,18
135,Marketing,13,83067.9,2.97,42,18
136,HR,9,61644.98,2.27,1,19
137,Sales,10,76563.28,2.94,22,19
138,HR,1,38998.94,1.33,18,15
139,Finance,24,127911.06,4.06,30,18
140,HR,25,112486.48,4.53,50,17
141,Engineering,8,96052.3,2.32,4,22
142,Sales,16,86440.13,2.49,18,27
143,Engineering,25,144704.08,4.91,33,19
144,Engineering,2,78611.64,1.12,9,15
145,Finance,23,131995.84,3.93,24,18
146,Sales,5,65363.41,2.04,1,15
147,Sales,4,63146.11,1.91,10,21
148,Sales,4,65451.56,1.18,49,18
149,Sales,21,97864.29,4.2,30,25
150,Sales,14,93712.08,2.59,14,26
151,Finance,22,115916.27,4.84,8,23
152,HR,16,92601.16,2.72,22,14
153,Engineering,8,98416.37,2.19,18,14
154,Sales,2,65538.23,1.0,8,13
155,HR,19,95710.75,4.64,34,25
156,HR,25,124960.06,3.71,20,18
157,Engineering,16,117043.83,3.4,8,28
158,Finance,28,131636.4,4.37,27,27
159,Marketing,26,108747.39,4.29,45,17
160,Marketing,9,70265.61,2.43,50,20
161,HR,2,54949.49,1.88,6,14
162,Engineering,17,131534.6,4.08,15,23
163,Marketing,17,118220.08,2.5,15,27
164,HR,29,116726.97,5.0,32,15
165,Finance,16,,3.86,3,19
166,Marketing,23,115526.61,3.22,3,23
167,HR,2,40977.38,1.42,38,25
168,HR,2,54514.22,1.27,39,13
169,Sales,5,58481.95,1.87,16,15
170,Finance,12,91692.76,2.21,36,12
171,Sales,23,116228.37,3.35,38,26
172,Engineering,28,149114.13,3.78,28,18
173,Sales,14,92463.03,3.35,35,24
174,Sales,24,116985.27,4.75,37,16
175,Marketing,8,57085.35,2.22,38,22
176,HR,3,45287.19,1.13,49,18
177,Finance,13,80005.55,1.92,36,16
178,Sales,4,76013.9,1.82,34,14
179,Finance,1,61656.86,1.0,6,24
180,Sales,10,89246.63,1.98,26,14
181,Engineering,8,86936.38,1.77,27,21
182,Sales,23,102917.85,3.97,21,20
183,Marketing,2,63403.99,1.0,13,19
184,HR,26,111434.2,4.48,6,14
185,Engineering,27,150000.0,4.29,36,17
186,Sales,28,109969.53,5.0,21,21
187,Finance,8,91014.43,2.58,4,25
188,Engineering,2,91216.13,1.32,1,16
189,Engineering,24,143213.0,4.43,26,21
190,Sales,1,47015.12,2.19,20,18
191,Engineering,11,110090.4,1.88,37,20
192,Finance,9,80168.08,1.58,14,17
193,Engineering,8,86796.07,2.41,20,17
194,Finance,14,94596.62,3.84,9,21
195,Sales,7,66246.16,1.8,22,16
196,HR,24,113499.21,5.0,38,20
197,Engineering,4,72124.59,1.58,4,20
198,HR,10,71881.6,1.99,0,26
199,Finance,26,115755.46,3.97,12,31
200,Engineering,1,85053.79,1.45,20,23
