size,bedrooms,age,distance,price
1524.03,5,49,22.78,173368.13
1655.32,2,39,25.43,123970.86
1999.8,1,14,12.12,153401.37
966.89,4,21,19.19,97197.67
1360.22,4,30,21.23,129653.09
1190.97,2,21,14.27,127209.7
1651.66,5,49,6.13,149487.14
1992.09,1,9,27.75,125596.28
1261.21,4,17,11.86,134820.8
543.88,1,5,10.13,64596.52
1335.11,4,31,28.11,117179.95
1865.39,5,40,19.88,157049.08
1715.05,4,38,17.06,161892.3
1671.27,4,43,7.23,141992.61
1388.0,3,19,21.42,128600.93
988.39,5,36,38.17,90856.02
1706.12,2,50,22.04,117862.39
1166.29,2,33,18.97,89093.62
2373.64,5,13,20.77,200014.09
1728.2,2,14,12.38,147953.54
1267.74,5,33,12.3,118587.16
1255.45,2,29,12.2,122608.13
1462.82,3,43,10.4,118743.84
1404.2,2,49,12.18,96483.05
1946.73,4,36,12.14,146546.38
1574.57,5,44,13.04,148161.5
1207.35,1,10,12.82,102478.17
2256.18,1,31,16.94,145931.11
1519.72,5,6,15.63,163209.31
1807.54,3,1,16.34,162665.77
1256.71,2,7,27.18,143799.76
1645.25,3,27,15.61,133747.88
1624.44,1,21,32.69,87013.4
744.14,5,28,17.82,75089.8
2306.11,5,16,11.42,177955.75
2016.26,3,46,25.8,150543.23
1341.12,3,23,14.36,131994.87
1059.09,2,20,-4.15,96854.71
1639.02,4,38,14.97,174944.19
1534.68,4,25,13.01,146125.47
1642.27,2,28,27.85,117168.25
1576.63,4,5,7.82,192174.88
1702.5,1,21,12.34,148376.84
2078.92,4,18,25.14,171523.06
1727.24,2,47,18.16,127140.21
1080.14,4,6,13.63,141218.78
2045.03,5,29,8.95,175186.99
2156.25,3,19,17.81,164804.39
2760.82,1,33,14.77,175385.81
1050.6,5,1,8.86,141268.26
1597.15,5,45,9.27,133606.21
667.16,2,3,8.48,89386.04
1721.26,3,42,7.06,123184.01
1280.72,3,21,22.47,112031.59
2269.38,1,35,21.4,107862.14
1190.15,2,41,22.49,91633.08
824.33,1,40,15.04,41707.38
1311.49,4,3,13.06,134962.4
709.8,5,25,13.2,117351.52
1800.44,1,45,23.17,116219.2
673.97,5,38,0.44,124343.89
1511.38,2,45,10.88,116985.01
668.88,4,20,7.9,88754.9
1371.88,2,44,25.88,105423.13
2157.35,4,45,11.18,147741.48
1644.26,4,34,1.91,169721.64
1154.6,5,21,16.79,139855.57
1487.52,2,48,12.04,128719.52
1507.21,2,23,10.54,123693.53
1689.05,1,6,9.72,119451.04
953.26,2,13,9.4,82373.21
1737.03,1,49,20.67,83957.81
418.24,3,23,16.79,48070.38
1248.05,3,9,13.42,138612.54
1304.69,3,17,6.21,146535.75
1753.33,2,2,13.65,151322.0
1509.05,2,19,17.09,118366.89
937.77,1,19,17.39,110912.89
1106.0,4,7,16.29,124037.77
1579.47,1,42,7.62,113667.25
1468.37,3,42,-4.23,135930.73
1268.35,1,20,29.4,78942.88
1307.67,4,9,4.52,155828.12
1778.47,2,17,-0.72,141641.05
1292.92,1,27,16.04,84597.33
1464.76,3,47,1.33,138630.04
2367.97,3,2,8.56,181374.37
930.53,2,36,19.39,81138.73
759.26,1,19,29.18,54163.08
1813.44,4,17,18.1,153898.73
1228.54,2,5,11.49,107337.66
1372.7,1,39,14.59,84936.17
1187.54,5,18,0.53,137551.02
1396.08,3,7,11.39,147563.95
2139.42,4,17,11.4,179649.27
1820.85,4,39,16.23,159090.76
1844.89,4,36,30.54,149085.3
933.51,3,40,-0.49,100266.79
1039.54,1,45,11.74,90960.77
364.37,2,4,0.33,85676.69
1176.25,1,38,10.97,86462.4
1882.68,2,25,8.08,162339.51
1706.78,4,5,3.05,178095.53
1411.39,1,30,22.3,87983.14
1491.08,4,12,17.05,148835.9
1224.45,5,4,21.37,118866.81
1581.9,4,24,10.75,150054.69
1806.35,4,29,14.43,128893.63
853.65,2,9,27.76,65656.51
1619.86,5,4,14.98,172782.6
1872.97,4,24,21.46,110134.81
1333.96,4,14,10.06,166675.68
1780.28,5,5,20.73,178301.39
2625.86,5,18,10.61,184105.0
1458.26,1,42,-0.17,148060.48
1657.32,2,19,14.94,168537.56
1204.78,5,12,11.24,140291.63
1572.5,5,18,2.0,153727.66
1684.11,3,17,16.53,164470.05
1577.94,5,30,7.85,150890.15
1092.12,2,24,39.74,75281.59
1582.54,4,11,3.28,178606.35
2084.88,4,35,5.3,169141.33
1679.45,4,23,21.96,136896.69
1884.79,4,17,13.94,142713.58
1405.2,3,1,21.79,118511.85
1799.96,5,15,18.04,160546.45
1611.71,4,32,10.34,125667.05
1119.64,1,9,3.97,90292.96
1627.41,4,15,23.57,140804.52
1103.32,5,28,4.69,108730.44
1246.85,4,24,19.47,107685.05
1575.73,3,35,22.35,148105.41
1618.9,2,22,13.98,120782.97
1024.31,2,27,12.57,88084.65
1921.59,5,19,7.13,174200.31
1728.8,2,45,18.7,110227.71
1218.11,2,12,-9.37,142898.53
884.97,1,20,20.73,81091.49
1442.04,5,1,15.96,149780.62
1321.62,5,21,13.22,139153.44
1545.26,2,49,16.94,125514.6
1354.75,2,45,4.01,88572.93
697.02,2,1,-4.3,107787.27
1344.66,3,10,18.75,125511.7
1377.75,4,47,25.53,98207.26
1753.46,3,32,1.08,148865.95
1220.72,5,39,6.58,121280.85
2171.47,1,22,21.02,146111.04
735.34,4,18,17.87,79823.9
